{"0.8934930729559043":{"user_id":3},"0.10548799141958431":{"user_id":1}}